{"cameraMode":{"drawMode":0,"name":"Shaded","section":"Shading Mode"},"sceneLighting":true,"audioPlay":false,"sceneViewState":{"m_AlwaysRefresh":false,"showFog":true,"showSkybox":true,"showFlares":true,"showImageEffects":true,"showParticleSystems":true,"showVisualEffectGraphs":true,"m_FxEnabled":true},"in2DMode":false,"pivot":{"x":0.8822166323661804,"y":-2.7463433742523195,"z":-16.932552337646486},"rotation":{"x":0.009843542240560055,"y":0.9841722846031189,"z":-0.1672280877828598,"w":0.0579371303319931},"size":17.386537551879884,"orthographic":false}