{"cameraMode":{"drawMode":0,"name":"Shaded","section":"Shading Mode"},"sceneLighting":false,"audioPlay":false,"sceneViewState":{"m_AlwaysRefresh":false,"showFog":true,"showSkybox":false,"showFlares":true,"showImageEffects":true,"showParticleSystems":true,"showVisualEffectGraphs":true,"m_FxEnabled":true},"in2DMode":false,"pivot":{"x":-0.00006478754221461713,"y":-0.00010977557394653559,"z":0.00009053826215676963},"rotation":{"x":0.14299321174621583,"y":0.6098124980926514,"z":-0.11305446177721024,"w":0.7713079452514648},"size":0.00021732051391154528,"orthographic":false}