{"cameraMode":{"drawMode":0,"name":"Shaded","section":"Shading Mode"},"sceneLighting":false,"audioPlay":false,"sceneViewState":{"m_AlwaysRefresh":false,"showFog":false,"showSkybox":false,"showFlares":false,"showImageEffects":false,"showParticleSystems":false,"showVisualEffectGraphs":true,"m_FxEnabled":true},"in2DMode":false,"pivot":{"x":-0.03787091374397278,"y":0.7505536079406738,"z":0.055842846632003787},"rotation":{"x":0.14299321174621583,"y":0.6098124980926514,"z":-0.11305446177721024,"w":0.7713079452514648},"size":1.016843318939209,"orthographic":false}